,LEADING INDICATORS,,,,,,,,,,,,,,,,CRISIS INDICATOR
,Foreign Exchange Reserves,Foreign Assets - Forgien Liabilities(usd) as % of Forex,Import ,Export,import-export as % of previous years forex,Money Multiplier of broad Money,Broad Money/Gross International Reserve,"Real rates on deposits, deflated = Money market rate(call money rates) / CPI",real interest rate diffrencial,lending rate/ deposit rate,Time deposits ,Demand Deposits,IIP,Deviation from REER,FDI ,Crude oil prices USD/Barrel ,Currency crisis with in next 12 months
1996 Apr,-16.45643884,12.22336807,23.14113304,15.46104604,-287.0295089,4.566612023,27.79091227,0.162571429,0.097349148,1.449912127,18.27878363,7.195264813,10.54925894,0.021129768,86.57718121,18.62103674,0
1996 May,-15.60171708,9.011902666,14.81412754,9.849967685,8.608347375,4.919897012,22.51564017,0.153455571,0.088109135,1.516544118,18.02867878,4.977347328,11.97552448,-0.013193218,-31.25,7.649442756,0
1996 Jun,-10.58619458,9.733373576,-3.301886698,7.240493546,-59.66959754,7.619544507,16.57316529,0.150972222,0.085293438,1.517939282,18.66145463,10.6638004,8.888888889,0.005046533,-17.47572816,11.02062975,0
1996 Jul,-9.767629011,9.451619535,-8.848749796,6.312573953,-78.32275054,10.28675476,13.56190299,0.048976808,-0.01819322,4.596100279,19.28239136,10.81572165,6.115417743,-0.004414322,32.86713287,23.23699422,0
1996 Aug,-5.339652449,6.430621144,1.261739594,4.50674604,-23.67124865,11.54135642,8.729783263,0.081916329,0.017108642,2.635914333,19.19932345,12.6103973,7.924203273,-0.005068916,48.41269841,21.79700499,0
1996 Sep,-3.309903483,16.24527451,2.580357533,10.38821528,-34.91366251,9.995539548,11.32365486,0.112516824,0.046924388,1.854066986,18.40033084,10.38295415,7.124895222,0.004752861,-11.56069364,31.59626988,0
1996 Oct,8.021179519,5.838880693,15.66041895,7.058202597,110.4560691,8.296548347,3.164731605,0.128074866,0.063429797,1.617954071,17.90018943,9.048365787,9.059534081,0.003943534,-3.153153153,42.77522936,1
1996 Nov,11.84309201,6.375238145,-5.459918431,-5.292127296,5.433344504,6.660348029,1.201556514,0.083023873,0.017639447,2.31629393,18.3703527,9.803423579,7.413509061,-0.009808653,158.0645161,31.79544191,1
1996 Dec,13.0245606,6.935600158,2.659368301,-5.820585295,153.9264609,6.248753491,0.702663141,0.106746032,0.041607875,1.796778191,18.32097669,13.05736586,-2.215431627,0.00870603,97.2972973,33.35084034,1
1997 Jan,21.69221337,2.025191936,14.23791263,9.841744504,57.3903896,12.49078509,-3.468962712,0.064021164,-0.000421316,2.995867769,19.63425072,20.18376999,4.494382022,0.009411834,57.8313253,33.31567797,1
1997 Feb,23.5338393,2.44347608,20.96254842,-0.629372521,318.8315034,16.42641454,-2.331917427,0.067195767,0.003689331,2.854330709,19.34664518,20.10029836,6.067588326,0.022386114,122.9813665,16.46565286,1
1997 Mar,31.23093171,1.876577234,1.639784646,-5.559877729,-349.3303318,12.94775545,-14.32115063,0.057312253,-0.008476418,3.333333333,18.48312502,12.9793099,-3.518648839,0.005177414,31.57649254,-1.732209738,1
1997 Apr,32.6954588,-0.15132035,6.537022854,-10.20510302,474.5127059,12.4592534,-15.81198481,0.015947712,-0.051222016,11.47540984,19.27443377,13.90544116,17.03470032,0.019999163,70.14388489,-16.33432329,1
1997 May,41.27448115,1.030399441,1.304749127,9.880492123,-23.20525026,8.257683193,-18.45644617,0.077529566,0.010440032,2.372881356,19.77542775,16.24876651,3.43481655,-0.010476001,185.3146853,-1.976470588,1
1997 Jun,44.95035947,-0.799404706,13.01007998,4.286681812,125.8980571,8.05494137,-20.1899573,0.067275098,-0.000462043,2.61627907,18.40946753,18.12573581,7.918367347,0.00315434,66.47058824,-6.259168704,1
1997 Jul,45.05016722,-0.781228525,24.17297121,11.28843902,308.4129282,6.161548863,-19.26437356,0.04870801,-0.018457531,3.580901857,18.4896109,12.12773133,5.600649351,0.014590105,42.63157895,-7.926829268,1
1997 Aug,47.03493547,0.720259941,-0.083745224,3.760260809,-25.21711803,6.12904398,-20.9368668,0.075515464,0.008231828,2.303754266,19.15082306,11.03019355,6.544293695,0.014962873,-12.8342246,-9.244080146,1
1997 Sep,39.40758422,-1.656163367,8.999238477,12.16562711,-13.14470053,5.990171076,-17.39132682,0.086025641,0.018909108,2.011922504,19.07823612,12.88979476,3.129890454,-0.006720259,134.6405229,-17.50729471,1
1997 Oct,36.86186578,-0.224265734,4.71060392,12.6769283,-38.65264662,7.274516335,-14.98168782,0.079214195,0.012747332,2.16,20.32887347,14.19690879,5.85443038,0.006137678,38.13953488,-14.6184739,1
1997 Nov,25.73756963,2.262840607,7.591915544,-1.62982766,34.85975061,8.857617219,-9.723800322,0.077496839,0.010747139,2.20228385,20.31127347,16.4477032,1.840490798,-0.027022685,-27.8125,-14.93040911,1
1997 Dec,23.20940128,-2.875084158,16.88875218,1.096643483,88.96774672,5.585489686,-12.23246886,0.102114428,0.035523634,1.644336175,19.85272835,16.1619959,7.96875,-0.0240866,-22.94520548,-27.84560851,1
1998 Jan,23.23155985,-2.059209739,-8.092560008,-4.063164664,-34.70316407,-0.391796488,-13.85074655,0.345783133,0.278591176,0.43554007,18.94258612,12.3762854,3.584229391,0.024984266,-13.74045802,-33.61144219,1
1998 Feb,22.08174664,0.74555178,-1.112459068,1.69858703,-26.63936572,1.515041156,-11.2920508,0.117433414,0.050969396,1.443298969,20.32567581,11.67796019,2.244750181,-0.00735463,-43.454039,-27.69022963,1
1998 Mar,16.13090714,-1.868196452,1.592225153,-6.415456092,97.29299533,4.235885814,-7.515493916,0.106577345,0.040476568,1.6,21.53966759,12.71289422,10.94091904,-0.013193004,-90.88975541,-28.44211529,1
1998 Apr,15.70893054,-1.616170083,15.89245461,4.774373959,22.30051148,9.446725401,-7.654450133,0.091425121,0.025927398,1.849405548,21.14651046,15.15886001,-7.008086253,0.010326591,-41.86046512,-21.70385396,1
1998 May,5.810055866,0.817759086,8.815283834,-15.30806781,100.2059334,8.676524746,-1.094298889,0.08216409,0.016306745,2.026049204,21.42196011,14.67098938,4.150943396,-0.007734929,-48.52941176,-28.66058569,1
1998 Jun,-5.790426704,3.310543624,-6.003656511,-9.672069968,-21.82525558,7.179933548,5.789983045,0.074477958,0.00786321,2.180685358,22.01609402,12.70830011,4.387291982,-0.00595558,33.2155477,-28.74282733,0
1998 Jul,-7.766505265,1.408462439,11.2171081,2.581417286,10.7711782,9.11528034,8.213633047,0.067792793,0.001498681,2.325581395,23.31030957,19.77038435,5.918524212,-0.012328712,-56.82656827,-28.27305145,0
1998 Aug,-6.132949945,-2.47055262,8.011031176,1.750646229,20.74687193,10.24368653,8.604189253,0.084994401,0.018662382,1.844532279,25.53553768,16.5099828,3.071161049,-0.002639548,-20.24539877,-32.96537883,0
1998 Sep,1.895162859,-0.482723305,15.1278716,-5.811336368,141.0937655,8.945788954,1.887471919,0.092621145,0.026847378,1.545778835,25.28389081,14.05385573,1.213960546,-0.022006547,-60.72423398,-24.45679636,0
1998 Oct,1.280195077,-0.493174704,0.210844319,-11.89564121,45.80079741,5.926844825,2.393502063,0.089957265,0.029583591,1.543942993,25.42465009,14.40710737,0.149476831,-0.016505462,-77.77777778,-32.31420508,0
1998 Nov,8.864550004,-3.901592214,5.836722063,3.515863737,-10.18283197,2.664993491,-3.061204197,0.084477297,0.026961548,1.625,24.93611767,14.40858079,3.313253012,0.009967928,-59.74025974,-36.29152206,0
1998 Dec,10.82881105,0.619648213,-9.349756462,0.420497979,-49.40772923,7.037739338,0.065949976,0.089859763,0.034096352,1.56062425,24.17879016,12.30790354,9.261939219,-0.011423179,-32,-38.4279476,0
1999 Jan,12.14276953,0.64551466,-4.959126791,3.605717184,-48.79574243,5.935698799,-0.071700033,0.110572687,0.055539465,1.294820717,23.81406875,14.23650538,6.366782007,-0.009266099,-28.76106195,-25.37402753,0
1999 Feb,15.53402096,-0.652790234,-9.597935332,5.034764942,-65.48389318,2.689758385,-5.873011556,0.09877369,0.042263771,1.467268623,22.79966409,12.7068267,4.603399433,0.021488831,3.448275862,-25.21793275,0
1999 Mar,13.65543792,1.784645881,1.677107901,10.10828384,-64.0005626,4.288720533,-3.341255367,0.094860335,0.037929847,1.531213192,21.39233371,14.87723731,5.193951348,0.013337765,14.39688716,-2.396804261,0
1999 Apr,12.85970195,1.56997149,-12.25292835,-1.873508978,-48.33231977,-0.982337639,-3.306794449,0.089409142,0.033712582,1.558603491,20.81778274,12.38292349,5,-0.002368734,-49.09090909,12.30569948,0
1999 May,19.73483515,0.546234307,-2.518782574,7.679949958,-28.69211979,2.9086804,-7.109824229,0.09679558,0.041099021,1.426940639,20.7469714,12.11883378,7.68115942,0.003157067,-29.04761905,19.44818304,0
1999 Jun,27.68562236,-1.557490807,23.19610935,15.42588112,65.39109325,4.883993929,-9.842597202,0.089207048,0.033275482,1.481481481,20.36740828,9.368892976,4.565217391,0.00094518,-59.15119363,30.96632504,0
1999 Jul,28.16132661,-0.118921977,-4.060770579,2.374014488,-21.49142602,4.058562899,-9.887007551,0.089628821,0.031170527,1.461632156,20.3796293,10.20392259,5.95065312,0.00204483,75.21367521,42.54261364,0
1999 Aug,23.3413946,0.88817935,25.82362474,10.73799518,136.3399542,2.220143525,-7.715680268,0.10184582,0.042591928,1.332622601,17.59218349,11.61191682,7.412790698,-0.014402401,165.3846154,59.13173653,0
1999 Sep,16.42606172,0.180826234,11.09705201,14.61115806,-1.168565546,2.887018691,-3.216147193,0.104314995,0.043598964,1.292657704,17.56275941,11.02100246,10.71964018,-0.002234281,-31.91489362,59.73244147,0
1999 Oct,15.03272891,-0.261754437,15.02226392,18.91011444,-0.338317508,3.913123297,-2.336807759,0.115995763,0.055620507,1.141552511,16.94490241,13.94139518,8.432835821,-0.000159783,93.93939394,57.33148019,0
1999 Nov,18.00369268,0.078721293,8.71423902,29.58924791,-53.88593714,7.104917758,-4.340481465,0.085216473,0.022324121,1.548946716,16.75165283,10.83265334,13.8483965,0.013018123,21.50537634,94.31906615,0
1999 Dec,18.6734921,1.951907078,19.43003892,13.85652912,31.24057773,6.48320496,-2.886119157,0.083136412,0.021636511,1.61498708,18.84923382,18.73258992,11.25827815,-0.007758728,3.921568627,131.2056738,0
2000 Jan,16.44974297,1.068833058,9.398747938,1.842391729,38.81287181,8.900686125,-3.246021468,0.08453276,0.021479599,1.588310038,17.03087285,15.21621102,9.043591412,-0.002705931,-26.08695652,117.9631115,0
2000 Feb,18.0568055,-0.716352319,21.27346186,20.96548284,7.159405636,9.029612186,-3.240506475,0.110979548,0.045077332,1.212415131,17.08142195,20.26069137,12.59309411,0.014557219,38.0952381,144.3796836,0
2000 Mar,18.75211707,-0.21063092,15.68075861,9.540088054,102.8299897,5.911058431,-5.664106179,0.10010661,0.033374542,1.331203408,16.44401184,9.746458633,11.0625,0.021907192,-12.58503401,103.888131,0
2000 Apr,18.17567796,0.486351461,40.06967079,27.77345422,72.28691021,8.65638793,-3.446547396,0.071700106,0.003068743,1.840942563,17.5290981,16.17894934,6.625258799,0.018575443,-40.71428571,48.44290657,0
2000 May,12.33708966,0.650427536,24.4455201,24.86984395,2.841763737,7.697799837,0.361525464,0.078654048,0.007255572,1.570855615,17.07359099,16.88714591,6.527590848,0.01378299,134.2281879,62.14084507,0
2000 Jun,10.52063222,0.665166204,11.53516952,21.16601617,-36.10406155,9.832169682,1.93766522,0.116020942,0.042050078,1.060469314,18.26181671,22.25384454,7.345807346,-0.02883001,49.35064935,77.92062605,0
2000 Jul,8.254226268,0.650644172,16.5257256,13.84173385,1.74692054,9.334476046,3.045307107,0.080769231,0.006856728,1.512226512,16.70814914,13.97355208,7.191780822,0.005345564,23.90243902,48.33084205,0
2000 Aug,7.1435574,1.361274671,0.966411729,14.35935999,-52.64074122,7.080817146,2.276571133,0.13646813,0.063007691,0.93797856,16.3780302,13.68675271,6.698240866,-0.007645297,-50.14492754,46.84854186,0
2000 Sep,6.944398885,1.202484352,2.448817527,21.02399039,-65.70475824,7.358657596,1.87842667,0.107612096,0.034307545,1.21124031,16.0767653,12.8869674,7.447528775,0.014173826,-5.208333333,41.8760469,0
2000 Oct,4.948001831,0.974047045,9.038059805,17.38438044,-36.17678539,6.884643559,3.143140272,0.093505155,0.020439541,1.378169791,16.49330614,15.72842267,8.327598073,0.021705814,37.5,46.1130742,0
2000 Nov,15.86678162,-5.025801759,23.75008024,8.051103058,101.1296761,7.763186079,-5.837513882,0.095473251,0.022449437,1.346982759,19.6035704,16.65530988,4.545454545,-0.003411707,0,37.76531838,0
2000 Dec,16.47911978,-1.109749233,-2.439470579,14.29891121,-69.3390984,7.815761772,-6.872167658,0.090871369,0.019040352,1.426940639,18.42063234,18.97711978,2.44047619,-0.010906211,13.83647799,9.125766871,0
2001 Jan,20.09955856,-1.969374752,8.753846502,24.35823354,-60.2898737,5.028359448,-8.748257137,0.102806653,0.036110988,1.263902932,19.93330531,10.65655584,1.789976134,-0.000901713,181.512605,8.830022075,0
2001 Feb,18.60344565,-0.472360377,-10.35604883,7.733217135,-147.1541496,5.466363308,-7.845226287,0.08892372,0.027936595,1.468860165,19.34659857,9.250858987,0.060132291,0.005697167,-33.44827586,0.885860307,0
2001 Mar,12.82446232,-1.674985795,11.7396682,15.81657571,-36.41512605,8.056814805,-2.883349579,0.080873181,0.022019661,1.542416452,19.35033194,11.08278272,0.281373101,0.01439728,-36.96498054,-8.865841419,0
2001 Apr,13.79704512,-1.130183992,-13.80041115,2.296301684,-66.63747077,6.716065861,-3.79364671,0.077376033,0.024385373,1.602136182,19.44300819,12.52446585,3.948220065,0.007779856,130.1204819,6.487956488,0
2001 May,16.80332635,-1.450906968,-1.814858065,8.410840637,-41.05429406,5.141378149,-5.052468963,0.082358974,0.036091171,1.494396015,20.41006477,11.82509868,2.779532533,-0.000292483,-26.07449857,-0.486448923,0
2001 Jun,20.36477764,-1.173049196,-3.698872429,-3.860161859,-12.19194384,3.018549125,-6.711992916,0.073279352,0.02972286,1.657458564,19.75333491,13.3707128,4.002582311,0.01004156,-30.86956522,-13.28934967,0
2001 Jul,22.97666597,-1.582707592,1.049348595,-2.535321808,8.288353206,3.669176257,-8.630049676,0.0719,0.030421289,1.668984701,19.90136786,14.01678697,2.619808307,0.000723746,-10.23622047,-11.15216661,0
2001 Aug,29.73739592,-2.484721697,4.552994334,0.818644856,19.26215487,4.420683466,-11.4790089,0.068917577,0.028759144,1.729106628,19.72842484,16.03084799,2.916930881,-0.017516139,268.0232558,-12.01153107,0
2001 Sep,28.66695295,-0.976037505,-1.497493754,-9.130682029,64.92162934,5.409956091,-12.0250271,0.072636816,0.039011037,1.643835616,19.50933456,9.513998744,1.953371141,-0.017378826,313.1868132,-23.61275089,0
2001 Oct,31.840703,-1.260760974,-1.680935207,-7.372781354,30.69144621,7.205291247,-14.58065339,0.073194857,0.045829813,1.621621622,18.77764869,7.257251211,2.604828463,0.006719954,15.90909091,-32.85973398,0
2001 Nov,21.32502894,4.573152613,-11.48728028,-0.754787121,-54.12010117,3.054235519,-7.451446258,0.068333333,0.045325341,1.721664275,16.11647184,11.8907897,1.837109614,0.007118523,179.6460177,-42.81976744,0
2001 Dec,21.43355517,0.013191342,2.584710777,-11.12805633,123.2272476,3.450593014,-8.106957313,0.069891412,0.049776469,1.694915254,15.61607051,6.47847588,3.021499128,0.006040534,91.71270718,-32.08011244,0
2002 Jan,21.37587654,-0.350533195,5.876391329,15.98225654,-102.4953762,4.362427433,-9.025277456,0.065708622,0.046631598,1.809954751,15.50785587,8.044179724,4.044548652,-0.007371403,-28.65671642,-33.50236646,0
2002 Feb,22.67071164,-1.366272156,8.723819956,-4.321347698,-179.3210522,4.674787592,-10.73752657,0.066832175,0.047720327,1.783060921,15.40939401,6.417608608,2.944711538,-0.005638834,-27.4611399,-29.95609591,0
2002 Mar,29.06153613,-1.410142879,-4.164282047,-3.907537272,-18.1595707,2.39720506,-15.15079276,0.068941642,0.050045896,1.721664275,15.17944437,7.776047391,3.254769921,0.094091906,401.8518519,-10.35242291,0
2002 Apr,30.85306748,-1.497419116,6.090591752,14.09133976,-59.77899015,1.072642698,-16.25239573,0.064955577,0.045947681,1.823708207,15.51128883,7.215416211,3.98505604,0.003650379,-8.90052356,-4.159066034,0
2002 May,31.66214433,-0.182367828,15.97424443,6.557301341,40.55353275,8.985881045,-14.47818392,0.067647059,0.048639162,1.739130435,19.56845504,10.41377031,3.995082975,-0.01811175,90.31007752,-5.656424581,0
2002 Jun,34.56410509,-0.872146573,5.881696437,17.19916476,-55.05187322,10.83092547,-16.83219415,0.058697765,0.039700598,1.986754967,18.37031667,6.632429007,3.165735568,-0.005235614,151.572327,-7.536231884,0
2002 Jul,38.47130647,-0.935701189,11.08735302,27.98917949,-61.23712672,4.260469619,-18.48882577,0.055341675,0.03658239,2.086956522,18.31143901,6.465093491,6.97384807,-0.01153191,-32.45614035,1.852551985,0
2002 Aug,36.99367609,-0.708557844,11.23358007,20.55629146,-49.52878654,6.754464092,-17.14761781,0.054684512,0.035879394,2.097902098,18.8977714,5.758668415,6.099815157,0.019375087,-78.04107425,3.312704769,0
2002 Sep,42.23085725,-1.953394955,21.49768003,22.20126795,-8.446101794,4.756659658,-19.10576372,0.054866412,0.035984644,2.086956522,17.91701673,10.08415365,6.180469716,0.003420678,-45.74468085,14.64451314,0
2002 Oct,44.70916353,-1.479843889,33.4471889,34.99707717,-4.198796375,7.927480801,-19.56127019,0.054467681,0.035617235,2.094240838,18.07400138,11.63263214,7.492260062,0.004633423,4.411764706,29.89644304,0
2002 Nov,44.51435581,-0.825298019,21.6784193,10.22023654,58.37053941,8.128958831,-19.66205092,0.051561022,0.037126966,2.110091743,17.97322508,10.97478476,4.570054119,-0.001360544,-50.3164557,33.55363498,0
2002 Dec,48.04976686,-1.853647085,21.91130482,18.37313458,11.82661558,6.072558538,-21.74959774,0.05334608,0.039959633,2.0609319,17.44050826,10.23278868,6.034968979,-0.012191097,-68.29971182,52.19865494,0
2003 Jan,50.09986899,-0.805206225,31.32815841,8.870671858,-7706.00018,5.910519257,-21.71797998,0.054214559,0.040886958,2.03180212,17.26621586,12.21240867,6.366197183,-0.014996116,-34.30962343,67.46314184,0
2003 Feb,44.92182588,3.369438424,23.21338351,17.74494839,70.92346431,5.491703395,-18.22927155,0.05458891,0.041149914,2.014010508,16.56228785,14.28642566,6.24635143,0.008081415,37.14285714,72.95081967,0
2003 Mar,40.8254814,-1.4115496,32.86194316,24.38222881,96.14787641,4.997851917,-16.47366853,0.055703422,0.042450665,1.962457338,15.70106497,10.91427722,5.869565217,0.012960336,-77.49077491,37.38738739,0
2003 Apr,42.50100754,-2.752102995,32.78271682,4.561430169,406.7912013,3.860382359,-16.57310393,0.0457277,0.032339965,2.361396304,15.25924309,14.74153992,4.251497006,0.015495757,-66.66666667,7.537114579,0
2003 May,47.34732464,-1.427473821,16.3206597,12.7828925,-2.726009523,-3.326753108,-21.22701451,0.045641987,0.032232311,2.361396304,10.7469277,12.34042159,6.028368794,-0.020026553,-75.15274949,4.14507772,0
2003 Jun,43.58627498,-1.155545626,30.61315858,9.390586508,153.3768256,-4.371256526,-18.26370848,0.045716946,0.032747053,2.342158859,11.43869487,14.75185162,6.678700361,0.005489241,-58,20.37617555,0
2003 Jul,42.75712472,0.055382685,15.96574782,0.082921885,99.30031314,0.979707531,-17.34246667,0.045244691,0.034519065,2.346938776,11.37506326,14.48795854,6.5774156,0.020052155,16.88311688,14.1796585,0
2003 Aug,41.78779194,-0.492637013,16.34985007,0.218061803,91.33175008,0.289857076,-16.77648059,0.044805195,0.033908607,2.380952381,10.88563068,14.6583759,5.458768873,0.015440211,41.00719424,11.31078224,0
2003 Sep,46.17602199,-2.137536104,19.56678137,22.87481137,-28.61601998,2.151273405,-19.52901024,0.04174397,0.031093557,2.555555556,11.01986367,14.22098509,7.508731083,0.000528192,28.43137255,-4.651162791,0
2003 Oct,44.83299306,0.398258441,23.89699236,17.00570743,9.07318852,-2.3713555,-17.528143,0.042686293,0.032024411,2.478448276,10.65714294,20.72532839,6.221198157,-0.00941714,-40.37558685,5.129982669,0
2003 Nov,44.83896827,0.712059011,24.89350651,23.71973424,-10.71182619,-1.876481165,-18.25478187,0.040220386,0.029635463,2.625570776,10.79658815,16.21082315,8.223116734,-0.004273511,-9.554140127,18.34792539,0
2003 Dec,45.71006359,-0.778011859,47.23063985,58.08198792,-25.62433607,-0.898580577,-18.58174499,0.040552995,0.030168559,2.5,11.49197917,17.2550532,7.446808511,-0.021782638,145.4545455,9.279401768,0
2004 Jan,44.20215201,-0.571249916,22.52822618,12.35816763,14.94518538,-2.225183012,-17.27543007,0.040679522,0.030134559,2.483069977,12.36722983,18.46680306,7.997881356,-0.003150903,-22.29299363,4.037644202,0
2004 Feb,50.50182218,-4.310189188,45.4988628,49.28550093,-22.80087402,-0.113265357,-19.82966182,0.039761249,0.02916814,2.540415704,13.5832269,21.87133975,8.406593407,0.00601917,98.95833333,-3.150264845,0
2004 Mar,49.46167756,0.878507228,36.41420711,52.66090686,-83.54212727,-1.293438811,-17.57429844,0.040128558,0.029707441,2.517162471,14.67245367,30.12150194,8.162217659,0.018914371,-8.196721311,9.56780924,0
2004 Apr,52.19721762,3.078217484,23.51857166,34.16958222,-35.46882791,1.598771384,-17.80607075,0.039393939,0.029006056,2.564102564,15.11709186,23.4857641,8.845491097,0.031874159,274.137931,29.87610619,0
2004 May,46.41225684,0.562616121,32.83536191,31.49989864,-7.197438045,5.200572649,-18.32140192,0.039162113,0.028834735,2.558139535,14.51147669,20.02993487,7.190635452,0.010129482,77.86885246,43.14143568,0
2004 Jun,45.33012502,0.924683091,53.8148084,41.41638302,34.58127724,2.671230444,-19.07768453,0.039330922,0.028727342,2.528735632,14.15061088,16.21365655,7.332205302,-0.011129608,126.1904762,23.76302083,0
2004 Jul,39.55329899,0.733494653,31.55713481,28.57796514,-0.221122692,1.890683588,-17.80812397,0.038585497,0.025593529,2.552204176,13.36433888,18.32472656,8.465319498,-0.006676808,-3.888888889,32.28218466,0
2004 Aug,36.42162084,1.271351295,36.42537458,35.84271166,-2.362289618,-0.304198292,-16.80682714,0.039095745,0.024358642,2.494331066,12.51479946,26.91961583,8.920704846,0.010500904,206.6326531,42.26020893,0
2004 Sep,30.80962701,0.445802932,47.25824971,27.39099395,90.425088,-1.070492076,-13.04913578,0.039380531,0.022823388,2.415730337,12.74570322,21.27715218,9.799675149,0.002708262,7.633587786,62.42488512,0
2004 Oct,30.42267181,-1.142687862,23.80130567,16.56164181,3.729379494,-0.950956925,-13.67082672,0.040721196,0.022716265,2.321814255,11.44190579,25.30280883,9.815618221,-0.005625329,68.50393701,75.17309594,0
2004 Nov,32.74189348,-2.470220687,43.12226779,25.03255356,41.05949119,-2.946603603,-13.91737039,0.049559083,0.029825335,1.912811388,11.26688055,20.90740902,7.651434644,0.002917067,30.98591549,55.87005468,0
2004 Dec,28.21946997,0.219493159,28.73981122,11.90610158,45.08576221,-2.763646691,-8.37224987,0.046891652,0.024725074,2.035984848,12.0683795,18.24329324,8.168316832,0.002908582,17.03703704,34.77449456,0
2005 Jan,22.69696368,0.441371155,61.26883357,57.52898313,20.13949615,-0.436450157,-2.670509884,0.041512753,0.018163819,2.277542373,13.98556251,20.75781112,7.503678274,0.007880733,24.59016393,36.67931135,0
2005 Feb,25.00648608,-1.802683503,53.71219464,29.50214133,192.7123299,-1.122322137,-6.116397396,0.041975309,0.016520171,2.258403361,12.47034484,18.12183749,5.119107957,0.003471709,-37.69633508,38.08290155,0
2005 Mar,26.17359095,1.05348335,53.96583723,29.15247009,765.1859628,-0.079777204,-8.41034933,0.041622575,0.015051551,2.277542373,11.83827111,10.970291,8.780256289,-0.006257781,63.69047619,47.74211099,0
2005 Apr,20.29802409,-1.46753589,56.00688052,36.10387419,59.04085724,-1.562949056,-5.354113425,0.041732283,0.013733167,2.253668763,12.50022651,18.25920394,8.126649077,0.013263582,23.50230415,44.5625511,0
2005 May,16.49664335,0.172289999,52.49525149,36.88109659,34.15639384,-1.515690022,1.274174803,0.04381036,0.013672631,2.154308617,12.49942845,17.55887674,10.76443058,0.007835496,201.3824885,23.70903674,0
2005 Jun,15.94466978,-0.49205969,31.63343811,33.33893022,-12.15543627,-1.527177248,2.498593446,0.044619423,0.014095802,2.107843137,12.28591704,22.17507504,11.71833946,0.016737197,-30.52631579,47.97475013,0
2005 Jul,19.13833243,-4.093689983,53.11855857,32.28060463,58.96424965,-2.455944924,1.568094529,0.043201377,0.010620925,2.141434263,12.80346285,24.79461283,6.243705942,0.016744754,87.28323699,44.26148931,0
2005 Aug,22.52543982,-1.581366114,60.9703046,44.55043075,58.79736932,-2.451671694,-0.601889021,0.043016281,0.00821465,2.141434263,13.81762587,19.26677953,8.240647118,-0.013392421,-33.61064892,44.5705385,0
2005 Sep,20.01788172,1.623530625,39.93842165,25.62868597,40.01465858,0.614366855,3.466652239,0.043125534,0.007565612,2.128712871,16.43830064,37.436509,6.903353057,-0.003352333,0,42.69858542,0
2005 Oct,18.70714477,1.362042702,34.88940888,36.26127312,0.445110243,1.242476917,0.725606823,0.043243243,0.00618442,2.099609375,17.44208439,17.350633,9.925925926,-0.011191627,92.52336449,17.39130435,0
2005 Nov,11.66049428,0.730638605,25.24560944,19.60837011,3.143370406,2.178517274,3.936829649,0.048451883,0.008918378,1.856649396,17.12498705,24.7108464,6.120434353,-0.008574543,301.0752688,20.30540652,0
2005 Dec,4.677063692,4.461753709,31.46013184,35.68870311,-6.045305456,2.069436948,8.45801418,0.050505051,0.009222923,1.791666667,15.86850777,28.3306498,5.995423341,-0.009735069,8.227848101,37.15670436,0
2006 Jan,8.180891843,-0.460264748,17.12350045,12.20744776,7.123041245,-0.446856565,4.63149406,0.057346767,0.015097408,1.573938507,11.75944998,28.29896189,7.937956204,0.012178504,217.1052632,39.85909479,0
2006 Feb,4.461423751,1.541908008,23.98861424,12.68253478,30.68463216,-1.297346978,9.948157929,0.058403361,0.01427126,1.54676259,13.25793968,29.69385822,9.594985535,0.004188794,-46.63865546,28.47613092,0
2006 Mar,7.03469031,-0.08434799,15.7242743,13.85207869,-1.478024443,3.5638628,11.73542376,0.055294118,0.010430468,1.633738602,18.62391984,41.9601005,9.904013962,-0.006143065,350.9090909,15.81660836,0
2006 Apr,12.9812431,0.430707256,16.44101812,12.6692689,4.415737992,-0.300309596,2.662396428,0.046833333,0.000409608,1.912811388,15.57753227,37.35239183,9.90727184,-0.010125424,146.641791,31.39140271,0
2006 May,17.41433139,-0.180452873,17.20110803,24.27501734,-11.29963458,-0.880149875,-2.459869359,0.049173554,0.001531544,1.890756303,17.6686098,29.84886241,11.69014085,-0.021572793,-17.73700306,42.36403773,0
2006 Jun,17.84332689,-0.716387556,24.92360168,30.63099452,-4.220098533,0.053296859,-4.504880041,0.050813008,0.002786059,1.8,17.94741387,22.27636907,10.25399812,0.005436985,98.10606061,26.12868823,0
2006 Jul,16.83669299,2.859358832,27.73554297,39.89462966,-12.8536076,2.272305592,-3.297424304,0.05,-0.000287908,1.814516129,19.80425671,23.67978589,11.13744076,-0.003923744,247.8395062,26.76320273,0
2006 Aug,15.08323257,0.215894914,18.77928281,23.86598432,-12.44829705,3.384255767,-0.967516678,0.050403226,0.000120686,1.84,20.97390006,24.57866854,9.248014946,-0.002422286,55.13784461,12.43650916,0
2006 Sep,15.64417178,-0.588194661,34.31041133,26.98126939,24.55830068,-2.106551284,-1.36574159,0.07,0.019470645,1.314285714,18.97378773,20.06134642,11.71586716,0.018124964,224.822695,-2.592649077,0
2006 Oct,17.03235581,-1.709854188,44.52759942,13.50000607,98.76672053,0.046305193,0.714486711,0.061811024,0.011002933,1.464968153,18.07545378,23.3739681,6.783468104,0.022179516,312.1359223,-5.595638929,0
2006 Nov,22.70870246,-0.964294106,40.17121045,34.85974024,34.13519243,2.114005298,0.178941088,0.057086614,0.00620466,1.586206897,19.98797879,22.88795335,14.3255814,0.003101078,54.28954424,1.835334477,0
2006 Dec,29.89589217,-4.902622405,25.75976974,12.72554994,56.59802542,0.858740778,-5.604960123,0.165354331,0.114643017,0.547619048,20.27987916,18.40727782,11.52849741,-0.013050438,1400,4.374894834,0
2007 Jan,29.38700755,-1.046095166,6.69993077,18.631083,-28.78203123,1.337647983,-5.540386123,0.064173228,0.013521998,1.472392638,23.33473458,17.64207775,12.21470837,0.008978298,298.5477178,-16.6997405,0
2007 Feb,37.75947961,-3.055727235,63.20823881,26.64247899,140.3257901,-0.951166475,-10.66914973,0.064453125,0.013973279,1.515151515,23.18376854,23.06806792,10.95468544,-0.001069259,449.6062992,-3.845529774,0
2007 Mar,32.26286628,-1.746581191,19.71498404,11.25326814,45.04659076,-1.796132279,-6.786461118,0.62992126,0.579897484,0.15625,23.7181441,17.2257218,14.76776499,-0.002434394,-51.37096774,-3.720190779,0
2007 Apr,28.19112228,-3.083916343,41.76393889,27.45404817,53.09366418,-2.509654782,-0.211155923,0.15625,0.106646825,0.6625,24.1595429,2.35564567,11.32326821,0.038068866,148.5627837,-8.207777299,1
2007 May,28.59174873,-3.035997268,34.99018116,21.54080971,41.97663684,-2.776424335,4.110586296,0.073643411,0.024338377,1.394736842,22.76226781,10.72626018,10.592686,0.029499573,294.0520446,-10.54412179,1
2007 Jun,32.15146697,-0.817998948,38.30626491,14.08308243,76.13319,-0.814576863,4.454025367,0.073076923,0.023868937,1.394736842,23.98951132,18.78245992,8.916382253,0.00127493,136.7112811,-4.904171364,1
2007 Jul,39.75020191,-3.343839145,26.06785304,17.96032009,26.28755143,-5.226477138,0.837982801,0.071969697,0.022654115,1.394736842,24.35171697,19.10085457,8.742004264,0.001909352,-37.44454303,-0.309098239,1
2007 Aug,39.3681813,0.100211238,34.23727108,18.23080249,52.97145958,-4.435082005,-0.876932596,0.05075188,0.003598019,1.962962963,23.95996577,15.60236897,11.28687473,-0.005282344,34.24878837,-0.90349076,1
2007 Sep,51.54414551,-1.909172687,0.536990536,13.35949749,-32.57277366,-5.601403509,-7.784723352,0.056390977,0.010118965,1.766666667,24.25383678,20.46313138,7.555739059,0.00073026,-22.16157205,25.14482543,1
2007 Oct,59.59950965,-0.716755404,26.38041737,45.85935621,-15.603103,-2.977496698,-11.01701422,0.046641791,0.002151652,2.12,27.21072465,14.61413643,10.47538915,0.004006926,19.37573616,46.39945652,1
2007 Nov,57.9523622,0.403418533,28.32801326,26.33380144,7.225512928,-4.357344972,-10.99305471,0.072761194,0.031040324,1.358974359,25.48857893,21.2086422,6.183889341,-0.011241721,61.9461338,59.37342092,1
2007 Dec,56.6235964,-0.463497443,19.37938661,18.2930954,-6.4123186,-5.475617974,-10.77034768,0.061940299,0.022516775,1.596385542,25.37444936,21.26962107,10.22067364,-0.000459664,-69.62962963,47.88005804,1
2008 Jan,63.85102929,-2.329582118,63.57467054,20.47115363,153.9216074,-5.029343325,-14.62588012,0.056716418,0.02026194,1.743421053,25.63163256,26.07490291,6.177024482,-0.009887804,-8.016657991,70.33168408,1
2008 Feb,55.57312337,3.38462125,-10.99007688,23.59291135,-65.80885491,-2.675186454,-11.54804155,0.061111111,0.033620336,1.606060606,27.05483697,16.46273646,9.516256939,-0.008205939,712.3209169,60.90111374,1
2008 Mar,55.91067297,-0.045473556,35.2375498,26.59218407,21.92006205,-7.307264832,-14.98491684,0.07080292,0.046932424,1.340206186,22.19930309,21.09866837,3.009339329,-0.018331799,635.986733,74.30647292,1
2008 Apr,54.50814885,2.204991659,70.61240506,68.54497833,35.68355856,0.421998698,-16.69561931,0.057971014,0.037243742,1.59375,23.3706755,21.38792106,6.222576785,0.006463901,128.1801582,75.9731124,1
2008 May,51.90810027,3.783107613,52.45702995,53.04387138,17.77444644,-1.843433107,-21.39374515,0.057553957,0.039704863,1.59375,24.28251695,22.20419779,4.370961612,-0.049230853,85.47169811,97.58903246,1
2008 Jun,46.68581465,0.888393686,49.04301481,61.58581013,-2.132824672,-6.049867036,-21.11533309,0.060714286,0.042863518,1.5,22.9022808,15.36865869,5.44457501,0.002385924,93.21486268,98.47362181,1
2008 Jul,34.65936756,2.87619358,72.50512858,52.80709033,53.29612355,-5.148029225,-15.86936958,0.06993007,0.052084025,1.325,21.24864984,13.65613868,6.392156863,-0.002385924,218.7234043,79.88676193,1
2008 Aug,29.16721217,1.637942148,69.26947961,40.79290135,57.29656351,-4.493366836,-10.74141679,0.079310345,0.061481855,1.217391304,21.88240258,18.42257309,1.69035728,0.019320463,180.1444043,61.08578533,1
2008 Sep,15.56333479,5.34991057,84.02618169,29.80327938,112.9578915,-2.445048245,-8.440194514,0.109589041,0.093432654,0.875,20.70440717,12.28231459,6.026871401,-0.041562612,259.3267882,29.98874015,1
2008 Oct,-4.828664688,5.929332563,22.38283913,-1.210827564,7.623117973,6.971049868,2.834952623,0.155405405,0.146658787,0.608695652,21.86423664,12.90548264,0.114242193,-0.025145595,-26.14701529,-11.07888631,0
2008 Nov,-9.72971952,1.770106931,15.2829961,-10.16336638,-1.828046901,8.071211936,6.155083241,0.141604855,0.138019308,0.642857143,22.59689221,2.409100814,2.528735632,0.008521303,-41.89914163,-39.29401818,0
2008 Dec,-7.484440243,-2.754589077,4.600440862,8.551539027,-38.1578434,9.284702041,4.958345438,0.047651464,0.046165165,1.892857143,23.63399068,0.937087999,-0.245872849,-0.023239819,-12.58023107,-55.2818053,0
2009 Jan,-15.76226661,4.077422191,-19.00168771,-2.068342888,-65.06930132,15.26376937,14.89138372,0.04048583,0.039098483,2.083333333,24.26049203,2.318033777,1.028733593,-0.007441301,54.66893039,-55.09413663,0
2009 Feb,-18.03776824,3.285158135,-19.25796926,-15.85977338,-55.04588368,15.1319171,18.03394586,0.037407157,0.035382307,2.25631769,23.63432545,4.15152261,0.217233888,0.005533106,-73.75661376,-58.93025695,0
2009 Mar,-19.31758179,1.192873089,-28.38574897,-20.67458566,-65.75185722,12.12711192,16.25990689,0.038720539,0.03706795,2.173913043,23.51671309,1.783539116,0.033579584,-0.036414806,-55.92609283,-54.54717696,0
2009 Apr,-20.54006081,1.152424661,-37.15785205,-34.20041232,-62.30783249,12.29546108,21.87844802,0.032688459,0.031314707,2.5,24.50545044,8.821568078,1.126549005,-0.002975701,-37.61002934,-55.76974327,0
2009 May,-17.52160722,-4.203559162,-32.73343739,-36.2341292,-51.71565546,15.11814167,26.89422817,0.024768824,0.023125139,3.266666667,23.65191358,11.88364996,2.07574654,0.013920321,-46.71922686,-52.81920408,0
2009 Jun,-15.95786201,0.654973023,-21.78444073,-29.75190576,-36.01415294,18.52747774,28.41278056,0.022222222,0.020320909,3.602941176,23.73637625,9.764661074,8.320950966,0.008886058,3.302675585,-47.97282162,0
2009 Jul,-11.92458722,-0.184487845,-33.24512798,-25.27582913,-59.36882011,24.38534463,21.72522824,0.0209375,0.019486516,3.582089552,24.31076173,17.61555206,7.187615186,-0.007363325,54.69514909,-51.97092326,0
2009 Aug,-8.692248276,-0.298896249,-33.06269443,-23.50191954,-56.51657293,21.32172362,14.15964052,0.024737168,0.023289466,3,21.61490528,14.20226938,10.61579146,0.005095138,36.34020619,-39.06183003,0
2009 Sep,-4.66173819,-3.929782641,-31.06376502,-7.382216405,-61.43071049,18.51051389,15.30358775,0.026445264,0.025088903,2.790697674,21.30866834,11.28618886,9.341057205,-0.008470026,-40.98360656,-33.14725698,0
2009 Oct,9.310987728,-3.67118252,-1.851369963,4.773101567,-5.250807328,6.337074499,10.74916232,0.026699029,0.02561492,2.727272727,19.98506829,15.3368432,10.19399011,0.028170877,55.77822311,-1.082844097,0
2009 Nov,10.13650363,-0.860135478,5.535140757,33.77173326,-11.42119037,3.93142024,11.36802808,0.02082094,0.019737614,3.428571429,19.89279948,17.52574899,15.65769806,0.01400244,56.97137581,35.93314763,0
2009 Dec,4.858010649,5.670497097,44.89075515,23.51431073,107.3459295,2.876823651,14.8487237,0.029638411,0.028553224,2.4,18.06883135,20.03280848,22.6056338,0.00552574,13.21585903,81.13115553,0
2010 Jan,7.312029603,1.463054731,38.49214963,20.98155523,114.3220741,0.06075811,13.67775568,0.026162791,0.025171442,2.666666667,16.85202735,21.66431362,16.29143793,0.029908005,-25.28357117,87.3981792,0
2010 Feb,6.399262719,-2.456545628,72.48218861,31.62228808,301.1539047,-4.406606466,14.386376,0.022058824,0.020887441,3.2,16.74802157,20.1653733,15.19117551,-0.000100913,15.38978495,95.14811032,0
2010 Mar,5.491951985,0.486072316,77.09352056,56.24231726,210.1985371,-0.105575385,21.97804263,0.033883324,0.032447573,2.086956522,16.35950192,21.9610248,19.9125793,0.019685872,-38.19018405,69.32055023,0
2010 Apr,5.392637453,0.853293018,49.84352111,45.97456727,97.1428755,-1.829581057,20.35002198,0.024046921,0.022255288,2.926829268,15.02090425,16.95547468,18.64578667,0.02723315,-6.840530141,69.67262503,0
2010 May,-1.393882031,7.035262492,38.4818558,38.57243003,67.73492279,-4.858861983,21.03686301,0.030849825,0.029059636,2.264150943,14.71020151,14.1250591,13.04878248,-0.007927342,5.632458234,24.81406356,0
2010 Jun,-1.75723062,0.414015659,18.82003728,48.04703236,-9.720557179,-6.646684531,17.63312236,0.037356322,0.035743563,1.846153846,13.82666966,18.95776661,8.675405279,-0.006133495,-44.15216512,8.137198622,0
2010 Jul,-0.798063162,0.975090204,29.57894145,13.49751919,84.8003747,-7.955584149,18.12671292,0.033707865,0.032095395,1.333333333,14.4711868,18.36403729,12.27776689,-0.023016772,-48.64787112,19.16055547,0
2010 Aug,-1.921553166,1.140561032,23.03297003,24.06172287,33.01659201,-7.989465538,21.86637047,0.034269663,0.032570048,1.31147541,14.89996825,13.77498272,7.915948395,-0.00380457,-58.09703844,8.105826062,1
2010 Sep,0.324579288,1.165036355,25.80016085,24.60673736,34.62749616,-5.313398653,20.4339196,0.041340782,0.039642079,1.081081081,14.96868525,12.31627176,7.443557732,0.011668046,40.07936508,8.422113447,1
2010 Oct,0.871719996,0.627161651,14.7760268,21.42148872,-3.503715264,-2.981903298,22.0837071,0.066298343,0.064601762,0.708333333,16.422548,22.53809388,16.40732327,0.018662756,-40.30874786,8.01899235,1
2010 Nov,0.034142505,4.29091241,6.27192142,44.079688,-55.52519955,-5.175935428,20.24264363,0.041208791,0.039512968,1.133333333,14.87552105,22.33729192,3.335664062,-0.009680807,-4.235294118,7.761270492,1
2010 Dec,3.570029739,-0.297609578,2.855047435,59.80140827,-78.68988379,-2.797309235,18.05010765,0.05,0.048396151,0.972972973,18.36954817,22.42125783,2.082088309,0.018014996,30.60959792,19.8384926,1
2011 Jan,5.277911703,0.663190441,23.86398623,57.51274155,-35.03149698,-4.186971691,11.68973593,0.042242295,0.040734802,1.132075472,17.37666682,6.045414935,7.505804883,0.002409756,-48.97159647,14.3185886,1
2011 Feb,7.085573898,0.853232128,18.91552182,63.33312958,-52.16841533,-0.939086858,10.68931726,0.038606911,0.037194981,1.328671329,17.68207299,6.533760566,6.65415687,-0.010257493,-25.80081538,17.22062287,1
2011 Mar,7.713379272,1.096235916,16.59324906,50.73728948,-60.39353484,-2.559183561,8.626619717,0.054083288,0.052859833,0.95,18.28985897,0.68060805,9.421037167,0.00543216,-2.894954508,26.71097981,1
2011 Apr,10.70131843,-0.432889766,28.66123705,26.96234721,24.72046275,-1.425257218,6.261610846,0.038151531,0.037283174,1.338028169,20.08087895,1.493154651,5.292187126,0.010297959,27.67324461,30.25568182,1
2011 May,12.73885969,-2.430849559,65.03774364,55.38253737,82.18263983,-0.421617498,5.599723876,0.045138889,0.044361082,1.183431953,19.7646546,-0.484766678,6.168537131,-0.01417506,84.09399006,37.2291441,1
2011 Jun,13.55231384,-0.1141045,51.20818125,33.51625144,105.5472491,1.15896361,6.99219739,0.049232398,0.048453717,1.075268817,20.84100191,-3.474247346,9.482783542,0.002812396,285.2898551,27.79031188,1
2011 Jul,10.67841161,1.21932661,50.09864991,63.21001054,32.28791842,0.673057875,10.92686052,0.051813472,0.051208354,1.075,20.87076475,-6.97784713,3.657780533,0.010883806,-30.80840336,27.26201388,1
2011 Aug,11.63296218,1.781916111,44.70622566,46.78337032,44.22195373,0.5914734,7.615128521,0.043209877,0.042347808,1.279761905,21.11038112,-5.677941475,3.395259449,-0.019540184,364.4413534,12.37958865,1
2011 Sep,3.946739278,7.436498126,47.25669591,45.95128637,49.48085155,1.091615359,8.259048876,0.042980671,0.042292085,1.272189349,20.92810865,-7.311983115,2.495321273,-0.029441587,-10.19499528,13.67680255,1
2011 Oct,4.828671614,3.61696145,41.47195392,31.05127084,56.88240383,-2.916238435,-1.390204168,0.047858942,0.047255181,1.131578947,19.50717287,-11.41847574,-4.981992797,-0.026505119,118.0354406,5.506715507,1
2011 Nov,3.6045689,-0.106382728,47.63598881,7.945220658,224.428819,1.553285995,-1.567678679,0.046072508,0.0453819,1.174863388,20.28540474,-10.37065112,6.012658228,-0.024258822,57.86568385,15.53363442,1
2011 Dec,-1.822619829,3.186068362,36.81683022,-4.163572072,432.1536995,3.379274124,0.905972592,0.051347229,0.050741483,1.064356436,19.21090055,-0.077564403,2.676537585,-0.031175265,-31.22873222,10.70305481,1
2012 Jan,-4.098982943,-1.685364186,37.41476246,2.779075246,150.1281749,0.202909092,5.510441718,0.050958628,0.050269329,1.064356436,17.55661701,1.34307769,0.966458215,0.033817833,48.71625077,12.1002013,1
2012 Feb,-4.269942775,1.914731849,29.03798324,-3.067617586,167.8572185,4.948877606,9.524833427,0.045751634,0.044893854,1.181318681,16.374558,-0.442123692,4.285714286,0.03892428,37.88252221,14.14378209,1
2012 Mar,-5.198541668,3.901078452,23.66853297,-5.199568991,226.6672474,9.3020282,6.437346085,0.074441687,0.073334928,0.716666667,15.67311501,-1.643498052,-2.848265148,-0.01586279,-0.032084072,3.157178939,1
2012 Apr,-7.515916259,2.761176889,2.919433357,5.872043007,-11.25272973,5.451533023,4.502312169,0.046829268,0.045641015,1.119791667,14.84482424,2.79651608,-1.263537906,0.001031034,-15.43410018,-6.097782625,1
2012 May,-9.408478223,3.915281055,-8.130096842,-3.401239054,-23.99906204,6.703116282,3.18914632,0.046116505,0.044756886,1.131578947,15.39404024,3.851104315,2.466907341,-0.058456477,-55.26206841,-6.542978387,1
2012 Jun,-9.439079185,3.289707479,-12.09769132,-6.379124722,-32.13595848,7.447600489,1.936056674,0.04375,0.042388298,1.153846154,16.5358297,17.06900546,-1.983663944,0.004904375,-67.27753746,-14.41478866,1
2012 Jul,-10.33935404,1.589308364,-2.091261613,-12.15264812,4.730743588,6.875351477,1.300309877,0.04009434,0.038730432,1.235294118,15.16204481,5.188112673,-0.059808612,-0.01038204,65.35580979,-9.52772919,1
2012 Aug,-9.933676018,-0.644593814,-7.659457201,-6.504768262,-18.96431658,7.651161188,2.767363059,0.037850467,0.036748492,1.296296296,15.0569194,7.814117451,2.044609665,-0.008051662,-54.15787744,9.069848257,1
2012 Sep,-5.709366168,-4.492434338,5.005747261,-6.456320549,23.29205776,6.297940952,4.637979249,0.038372093,0.037190559,1.272727273,14.61023822,6.6003214,-0.730371272,0.048320719,144.3984711,10.64128022,1
2012 Oct,-7.705332583,0.39308331,8.327024405,1.986835659,11.40146641,7.641359061,13.56811262,0.037788018,0.036437238,1.280487805,14.81197642,3.17405826,8.401768793,0.022530889,-33.35021019,3.656984145,1
2012 Nov,-4.677359397,-0.926828077,6.282762603,0.115656087,11.40942028,10.39081266,10.17585476,0.037614679,0.036257482,1.280487805,14.34081871,10.58843542,-1.014925373,-0.027507879,-55.65085548,-10.85279292,1
2012 Dec,-0.485735448,-0.054333332,9.307683404,0.919987272,26.35679623,6.272913221,7.46617765,0.038356164,0.036995273,1.25,12.56767868,0.045387329,-0.55463117,-0.005636214,-14.69556523,-10.46971695,1
2013 Jan,1.104537033,2.190150006,6.288497097,1.883518061,17.34892873,8.425960364,5.380816969,0.03736413,0.036176885,1.272727273,14.49165459,2.915654631,2.477477477,0.013347656,75.64122629,-5.536711891,1
2013 Feb,-0.944998349,1.497204774,3.479392791,3.529934594,8.007295085,4.827333101,3.919575518,0.039237668,0.037975892,1.2,13.85042899,5.79531991,0.570776256,0.01057214,34.32817131,-6.777506112,1
2013 Mar,-0.13181134,-1.651627649,-4.320741553,6.601731252,-23.61157164,7.159354324,5.362121103,0.042410714,0.041236119,1.078947368,15.25653673,5.060559962,3.411513859,-0.010151309,78.02154927,-12.37404652,1
2013 Apr,0.951784891,-1.110961369,11.22515488,-0.061042085,41.08660875,4.837677605,6.455377362,0.03754417,0.036284406,1.205882353,14.01425324,5.051864054,1.889092017,0.002311411,13.9467756,-10.89712571,1
2013 May,2.082038268,0.415289988,7.425479683,-3.287954425,36.02706261,7.035812329,10.04319649,0.032236842,0.031314642,1.394557823,14.55106147,10.93799601,-1.585437463,-0.00864255,9.214647972,0.105596621,1
2013 Jun,-0.55484849,1.052229047,0.763936193,-4.609705713,24.9327934,5.111913285,8.515321013,0.031818182,0.031065485,1.394557823,13.63442819,8.760964976,-5.226001229,-0.057961979,3.648933838,16.24802815,1